<?xml version="1.0" encoding="utf-8"?>

<!--
@name     OpenCart
@package  Robots
@author   Andrii Burkatskyi, ocmod.space@gmail.com
@version  1.0.0
@link     https://github.com/ocmod-space/ocmod-robots
@link     https://www.opencart.com/index.php?route=marketplace/extension&amp;filter_member=ocmod.space
@link     https://github.com/ocmod-space/ocmod-robots
@licence  https://raw.githubusercontent.com/ocmod-space/ocmod-robots/main/LICENSE.txt
-->

<modification>
    <name>/ocmod.space/robots</name>
    <code>robots</code>
    <version>1.0.0</version>
    <author>Andrii Burkatskyi</author>
    <link>https://www.opencart.com/index.php?route=marketplace/extension&amp;filter_member=ocmod.space</link>

    <file path="system/library/document.php">
        <operation error="log" info="3.x">
            <search info=""><![CDATA[private $scripts = array();]]></search>
            <add position="after"><![CDATA[
	/// <<< /ocmod.space/robots
	private $robots;

	public function setRobots($value) {
		$this->robots = $value;
	}

	public function getRobots() {
		return $this->robots;
	}
	/// >>> /ocmod.space/robots]]>
            </add>
        </operation>
    </file>

    <file path="catalog/controller/common/header.php">
        <operation error="log">
            <search><![CDATA[$data['base']]]></search>
            <add position="after"><![CDATA[		$data['robots'] = $this->document->getRobots();  /// /ocmod.space/robots]]></add>
        </operation>
    </file>

    <file path="catalog/controller/product/{category,manufacturer,special}.php">
        <operation error="log">
            <search><![CDATA[$this->document->setTitle(]]></search>
            <add position="after"><![CDATA[
			/// <<< /ocmod.space/robots
			if (
				isset($this->request->get['page'])
				|| isset($this->request->get['limit'])
				|| isset($this->request->get['order'])
			) {
				$this->document->setRobots('noindex, follow');
			}
			/// >>> /ocmod.space/robots]]>
            </add>
        </operation>
    </file>

    <file path="catalog/controller/{account/login,account/register,account/forgotten,checkout/cart,checkout/checkout,information/information,product/compare,product/search}.php">
        <operation error="log">
            <search><![CDATA[$this->document->setTitle(]]></search>
            <add position="after"><![CDATA[		$this->document->setRobots('noindex, follow');  /// /ocmod.space/robots]]>
            </add>
        </operation>
    </file>

    <file path="catalog/view/theme/*/template/common/header.t*">
        <operation error="log" info="2.x">
            <ignoreif regex="false"><![CDATA[{{ direction }]]></ignoreif>
            <search info="2.x"><![CDATA[<base]]></search>
            <add position="after"><![CDATA[
<?php if ($robots) { ?>
<meta name="robots" content="<?php echo $robots; ?>" />
<?php } ?>]]>
            </add>
        </operation>

        <operation error="log" info="3.x">
            <ignoreif regex="false" info=""><![CDATA[<?php echo $direction; ?>]]></ignoreif>
            <search>
                <![CDATA[<base]]>
            </search>
            <add position="after">
                <![CDATA[
{% if robots %}
<meta name="robots" content="{{ robots }}" />
{% endif %}]]>
            </add>
        </operation>
    </file>
</modification>
